library,method,stage,accuracy_vs_observed,accuracy_vs_oracle_fair,selection_rate_Male,selection_rate_Female,DP_difference_signed,DP_ratio,distance_to_fair_SPD,fit_seconds,notes,degenerate,oracle_accuracy_gain
aif360,DisparateImpactRemover (repair=1.0),pre-processing,0.7504541326067211,0.7733878292461399,0.4807017543859649,0.3393148450244698,-0.141386909361495,0.7058739476786416,0.0012032982583338,0.8368732929229736,quantile repair of each feature distribution,False,-0.004995458673932696
fairlearn,ThresholdOptimizer / false_positive_rate_parity (accuracy_score),post-processing,0.7506811989100818,0.7740690281562216,0.4853801169590643,0.3474714518760196,-0.1379086650830447,0.7158749189252934,0.0022749460201165,0.2215285301208496,uses the protected attribute AT PREDICTION TIME,False,-0.004314259763851025
aif360,PrejudiceRemover (eta=5.0),in-processing,0.7388737511353315,0.7686194368755677,0.5228070175438596,0.3887982599238717,-0.1340087576199879,0.7436745240154593,0.0061748534831733,18.512348175048828,mutual-information penalty; tied to its own logistic model,False,-0.009763851044504945
aif360,DisparateImpactRemover (repair=0.75),pre-processing,0.7520435967302452,0.7754314259763851,0.4892787524366471,0.3355084284937466,-0.1537703239429005,0.6857204136147093,0.0135867128397392,0.9651045799255372,quantile repair of each feature distribution,False,-0.0029518619436874616
fairlearn,CorrelationRemover (alpha=0.25),pre-processing,0.7509082652134423,0.7742960944595823,0.4970760233918128,0.3382272974442631,-0.1588487259475496,0.6804337395643413,0.0186651148443884,0.0384514331817626,removes linear correlation with the sensitive column,False,-0.004087193460490357
aif360,Reweighing,pre-processing,0.7465940054495913,0.7758855585831063,0.4888888888888889,0.3675910821098423,-0.1212978067790465,0.751890849770132,0.0188858043241146,0.0367023944854736,no Fairlearn equivalent; costs nothing,False,-0.002497729336966348
aif360,RejectOptionClassification (avg odds),post-processing,0.7406902815622162,0.7881471389645777,0.6019493177387915,0.4904839586731919,-0.1114653590655995,0.8148260064745708,0.0287182520375617,15.329421997070312,"same mechanism, different target metric",False,0.009763851044505056
fairlearn,ThresholdOptimizer / equalized_odds (accuracy_score),post-processing,0.7350136239782016,0.7797456857402362,0.5949317738791423,0.4877650897226753,-0.1071666841564669,0.8198672707330683,0.0330169269466942,0.2785170078277588,uses the protected attribute AT PREDICTION TIME,False,0.0013623978201635634
aif360,DisparateImpactRemover (repair=0.5),pre-processing,0.7515894641235241,0.7740690281562216,0.5005847953216375,0.3262642740619902,-0.1743205212596472,0.6517662484182281,0.034136910156486,1.1677522659301758,quantile repair of each feature distribution,False,-0.004314259763851025
fairlearn,CorrelationRemover (alpha=0.5),pre-processing,0.7479564032697548,0.7731607629427792,0.471345029239766,0.3713974986405655,-0.0999475305992005,0.787952509522788,0.0402360805039607,0.0461280345916748,removes linear correlation with the sensitive column,False,-0.0052225249772933635
aif360,DisparateImpactRemover (repair=0.25),pre-processing,0.7554495912806539,0.7779291553133515,0.5099415204678363,0.3202827623708537,-0.1896587580969825,0.6280774353832109,0.0494751469938212,1.6031033992767334,quantile repair of each feature distribution,False,-0.0004541326067211138
aif360,ExponentiatedGradientReduction / EqualizedOdds,in-processing,0.7193460490463215,0.7490917347865577,0.4791423001949317,0.3909733550842849,-0.0881689451106468,0.8159858875436866,0.0520146659925144,0.861802339553833,thin wrapper around fairlearn.reductions,False,-0.029291553133514947
fairlearn,ExponentiatedGradient / EqualizedOdds,in-processing,0.7157129881925522,0.7431880108991825,0.4791423001949317,0.3974986405655247,-0.081643659629407,0.8296045671688942,0.0585399514737542,0.8882789611816406,reduction to cost-sensitive classification; any estimator works,False,-0.03519527702089009
fairlearn,ExponentiatedGradient / ErrorRateParity,in-processing,0.7554495912806539,0.7783832879200726,0.5177387914230019,0.3137574768896139,-0.203981314533388,0.6060150061911594,0.0637977034302267,1.0554661750793457,reduction to cost-sensitive classification; any estimator works,False,0.0
fairlearn,baseline (unaware logistic regression),none,0.7554495912806539,0.7783832879200726,0.5177387914230019,0.3137574768896139,-0.203981314533388,0.6060150061911594,0.0637977034302267,,no mitigation,False,0.0
fairlearn,ExponentiatedGradient / TruePositiveRateParity,in-processing,0.741371480472298,0.7715712988192552,0.4666666666666667,0.3915171288743883,-0.0751495377922784,0.8389652761594034,0.0650340733108828,0.8242735862731934,reduction to cost-sensitive classification; any estimator works,False,-0.006811989100817373
aif360,EqOddsPostprocessing,post-processing,0.7104904632152589,0.7275204359673024,0.4097465886939571,0.3371397498640565,-0.0726068388299006,0.8228006264522407,0.0675767722732606,0.0084402561187744,randomised label flipping to equalise odds,False,-0.05086285195277018
aif360,baseline refit on 70% (post-processing reference),none,0.7554495912806539,0.7770208900999092,0.5212475633528265,0.3121261555193039,-0.2091214078335225,0.598805975248328,0.0689377967303613,,the model the post-processors actually correct,False,-0.0013623978201634523
fairlearn,ThresholdOptimizer / true_positive_rate_parity (accuracy_score),post-processing,0.7431880108991825,0.7770208900999092,0.4807017543859649,0.4143556280587275,-0.0663461263272373,0.861980686107572,0.0738374847759238,0.222956895828247,uses the protected attribute AT PREDICTION TIME,False,-0.0013623978201634523
fairlearn,"PrototypeRepresentationLearner (k=4, fw=1.0)",pre-processing,0.6846049046321526,0.6771117166212534,0.3138401559454191,0.2490483958673192,-0.0647917600780998,0.7935517209933836,0.0753918510250613,158.84423875808716,LFR (Zemel 2013) - same paper as AIF360's LFR,False,-0.10127157129881925
aif360,CalibratedEqOdds (weighted),post-processing,0.7540871934604905,0.771117166212534,0.5212475633528265,0.2903752039151713,-0.2308723594376552,0.5570773358582007,0.0906887483344939,0.0149590969085693,equalises the generalized WEIGHTED only,False,-0.0072661217075385975
aif360,PrejudiceRemover (eta=50.0),in-processing,0.7216167120799274,0.7536330608537694,0.5029239766081871,0.4643828167482327,-0.0385411598599543,0.9233658333017186,0.1016424512432068,18.730485439300537,mutual-information penalty; tied to its own logistic model,False,-0.024750227066303254
aif360,PrejudiceRemover (eta=25.0),in-processing,0.7216167120799274,0.7536330608537694,0.5029239766081871,0.4643828167482327,-0.0385411598599543,0.9233658333017186,0.1016424512432068,16.6622097492218,mutual-information penalty; tied to its own logistic model,False,-0.024750227066303254
aif360,"LFR (k=10, Az=10.0, balanced)",pre-processing,0.7279745685740237,0.752724795640327,0.4237816764132553,0.3866231647634584,-0.0371585116497969,0.9123168515347476,0.1030250994533643,7.082972764968872,same paper as Fairlearn PrototypeRepresentationLearner,False,-0.025658492279745593
fairlearn,CorrelationRemover (alpha=0.75),pre-processing,0.7425068119891008,0.7731607629427792,0.4471734892787524,0.4105492115280043,-0.0366242777507481,0.918098280356871,0.1035593333524131,0.0746870040893554,removes linear correlation with the sensitive column,False,-0.0052225249772933635
aif360,PrejudiceRemover (eta=1.0),in-processing,0.7502270663033606,0.7727066303360581,0.5419103313840156,0.2936378466557912,-0.2482724847282243,0.5418568896921615,0.1080888736250631,18.99452257156372,mutual-information penalty; tied to its own logistic model,False,-0.005676657584014477
aif360,RejectOptionClassification (SPD),post-processing,0.7386466848319709,0.7833787465940054,0.5516569200779727,0.5209352909189777,-0.030721629158995,0.944310262337228,0.1094619819441662,12.105778932571411,flips only the decisions near the boundary,False,0.004995458673932807
fairlearn,"PrototypeRepresentationLearner (k=8, fw=2.0)",pre-processing,0.6807447774750227,0.6782470481380564,0.3157894736842105,0.2903752039151713,-0.0254142697690392,0.9195214790647092,0.114769341334122,235.48638892173767,LFR (Zemel 2013) - same paper as AIF360's LFR,False,-0.10013623978201625
aif360,"LFR (k=5, Az=50.0, fairness-dominant)",pre-processing,0.4700272479564032,0.5279291553133515,0.9169590643274854,0.9004893964110929,-0.0164696679163924,0.9820388187901588,0.1237139431867687,4.903412818908691,same paper as Fairlearn PrototypeRepresentationLearner,False,-0.2504541326067211
fairlearn,ExponentiatedGradient / DemographicParity,in-processing,0.7263851044504995,0.7565849227974568,0.437037037037037,0.4263186514410005,-0.0107183855960364,0.9754748804158488,0.1294652255071247,0.795828104019165,reduction to cost-sensitive classification; any estimator works,False,-0.021798365122615793
aif360,ExponentiatedGradientReduction / DemographicParity,in-processing,0.7263851044504995,0.7565849227974568,0.437037037037037,0.4263186514410005,-0.0107183855960364,0.9754748804158488,0.1294652255071247,0.7354800701141357,thin wrapper around fairlearn.reductions,False,-0.021798365122615793
aif360,"GerryFairClassifier (FP, gamma=0.01)",in-processing,0.4432334241598546,0.5161217075386013,1.0,1.0,0.0,1.0,0.1401836111031612,4.601441144943237,DEGENERATE: collapses to a constant classifier on this data,True,-0.2622615803814713
fairlearn,ThresholdOptimizer / demographic_parity (balanced_accuracy_score),post-processing,0.734786557674841,0.7740690281562216,0.484990253411306,0.4904839586731919,0.0054937052618859,0.9887994190946694,0.1456773163650471,0.3477175235748291,uses the protected attribute AT PREDICTION TIME,False,-0.004314259763851025
fairlearn,GridSearch / DemographicParity (selected),in-processing,0.7241144414168937,0.7565849227974568,0.431578947368421,0.4393692224034801,0.007790275035059,0.9822694111516416,0.1479738861382203,0.6694602966308594,returns 20 deterministic models to choose from,False,-0.021798365122615793
fairlearn,ThresholdOptimizer / demographic_parity (accuracy_score),post-processing,0.7334241598546776,0.772252497729337,0.4799220272904483,0.4877650897226753,0.0078430624322269,0.983920410465033,0.1480266735353882,0.2751624584197998,uses the protected attribute AT PREDICTION TIME,False,-0.006130790190735591
fairlearn,CorrelationRemover (alpha=1.0),pre-processing,0.7316076294277929,0.7627157129881925,0.4245614035087719,0.4377379010331702,0.0131764975243982,0.96989865969271,0.1533601086275595,0.0711939334869384,removes linear correlation with the sensitive column,False,-0.01566757493188009
aif360,MetaFairClassifier (tau=0.0),in-processing,0.7595367847411444,0.771117166212534,0.5680311890838207,0.2479608482871125,-0.3200703407967081,0.4365268193935784,0.1798867296935468,0.0103232860565185,tau=0 is the UNCONSTRAINED special case,False,-0.0072661217075385975
aif360,CalibratedEqOdds (fpr),post-processing,0.7354677565849228,0.6961852861035422,0.5212475633528265,0.0,-0.5212475633528265,0.0,0.3810639522496652,0.0109415054321289,equalises the generalized FPR only,True,-0.08219800181653036
aif360,CalibratedEqOdds (fnr),post-processing,0.6153496821071753,0.6519073569482289,0.9964912280701754,0.3121261555193039,-0.6843650725508714,0.3132251912781747,0.5441814614477102,0.00994873046875,equalises the generalized FNR only,True,-0.12647593097184373
