method,stage,accuracy_vs_observed,balanced_accuracy,accuracy_vs_oracle_fair,selection_rate_Male,selection_rate_Female,DP_difference_signed,DP_difference,DP_ratio,average_abs_odds_difference,equal_opportunity_difference,FNR_difference,FPR_difference,theil_index,distance_to_fair_SPD,fit_seconds,notes
baseline (unaware logistic regression),none,0.7554495912806539,0.75102876875351,0.7783832879200726,0.5177387914230019,0.3137574768896139,-0.20398131453338803,0.20398131453338803,0.6060150061911594,0.11760443944861512,-0.2006556099121023,0.2006556099121023,-0.03455326898512795,0.1745902924680119,0.06379770343022678,,no mitigation
Reweighing,pre-processing,0.7465940054495913,0.742710450485385,0.7758855585831063,0.4888888888888889,0.3675910821098423,-0.12129780677904656,0.12129780677904656,0.751890849770132,0.06855617315966862,-0.10042774549143263,0.10042774549143257,0.03668460082790462,0.17805750199856457,0.018885804324114686,0.044542789459228516,no Fairlearn equivalent; costs nothing
DisparateImpactRemover (repair=0.25),pre-processing,0.7554495912806539,0.7508198392747306,0.7779291553133515,0.5099415204678363,0.32028276237085374,-0.18965875809698252,0.18965875809698252,0.6280774353832109,0.10266348589432037,-0.18553460690888923,0.18553460690888918,-0.0197923648797515,0.17545448196423857,0.04947514699382127,1.5265817642211914,quantile repair of each feature distribution
DisparateImpactRemover (repair=0.5),pre-processing,0.7515894641235241,0.7465697958173989,0.7740690281562216,0.5005847953216375,0.3262642740619902,-0.17432052125964725,0.17432052125964725,0.6517662484182281,0.08822397373276748,-0.16967654245723796,0.16967654245723793,-0.00677140500829701,0.17957594717108283,0.03413691015648601,1.149759292602539,quantile repair of each feature distribution
DisparateImpactRemover (repair=0.75),pre-processing,0.7520435967302452,0.7467164643115021,0.7754314259763851,0.48927875243664715,0.3355084284937466,-0.15377032394290052,0.15377032394290052,0.6857204136147093,0.07402582593327613,-0.13919218065251182,0.1391921806525117,0.008859471214040432,0.18055825495920352,0.013586712839739279,0.9766201972961426,quantile repair of each feature distribution
DisparateImpactRemover (repair=1.0),pre-processing,0.7504541326067211,0.7447145020458374,0.7733878292461399,0.4807017543859649,0.33931484502446985,-0.14138690936149506,0.14138690936149506,0.7058739476786416,0.07737992366678427,-0.13113947201415166,0.13113947201415155,0.02362037531941688,0.18331113587820289,0.001203298258333818,0.7503266334533691,quantile repair of each feature distribution
"LFR (k=10, Az=10.0, balanced)",pre-processing,0.7279745685740237,0.7204005428823577,0.752724795640327,0.42378167641325537,0.3866231647634584,-0.037158511649796944,0.037158511649796944,0.9123168515347477,0.056166071704506645,-0.007465557992994198,0.007465557992994198,0.10486658541601909,0.20586380216048059,0.1030250994533643,6.8657002449035645,same paper as Fairlearn PrototypeRepresentationLearner
"LFR (k=5, Az=50.0, fairness-dominant)",pre-processing,0.47002724795640327,0.5168016908244859,0.5279291553133515,0.9169590643274854,0.9004893964110929,-0.016469667916392483,0.016469667916392483,0.9820388187901588,0.011044898788539925,-0.01773194949005341,0.01773194949005341,-0.004357848087026439,0.08792354853622635,0.12371394318676876,4.534470558166504,same paper as Fairlearn PrototypeRepresentationLearner
PrejudiceRemover (eta=1.0),in-processing,0.7502270663033606,0.7463909521835638,0.7727066303360581,0.5419103313840156,0.2936378466557912,-0.24827248472822439,0.24827248472822439,0.5418568896921615,0.1698662251767013,-0.2721055971696841,0.2721055971696841,-0.06762685318371853,0.17552661316037213,0.10808887362506314,18.952592611312866,mutual-information penalty; tied to its own logistic model
PrejudiceRemover (eta=5.0),in-processing,0.7388737511353315,0.7381800236675313,0.7686194368755677,0.5228070175438596,0.3887982599238717,-0.13400875761998793,0.13400875761998793,0.7436745240154593,0.08996471620701334,-0.14141835607813358,0.14141835607813352,0.038511076335893096,0.1694738561394635,0.006174853483173315,24.027289152145386,mutual-information penalty; tied to its own logistic model
PrejudiceRemover (eta=25.0),in-processing,0.7216167120799274,0.722995864867756,0.7536330608537694,0.5029239766081871,0.46438281674823273,-0.03854115985995438,0.03854115985995438,0.9233658333017186,0.08387836376409136,-0.04095313288593294,0.04095313288593283,0.12680359464224977,0.17118297332866808,0.10164245124320687,16.344105005264282,mutual-information penalty; tied to its own logistic model
PrejudiceRemover (eta=50.0),in-processing,0.7216167120799274,0.722995864867756,0.7536330608537694,0.5029239766081871,0.46438281674823273,-0.03854115985995438,0.03854115985995438,0.9233658333017186,0.08387836376409136,-0.04095313288593294,0.04095313288593283,0.12680359464224977,0.17118297332866808,0.10164245124320687,17.441790103912354,mutual-information penalty; tied to its own logistic model
ExponentiatedGradientReduction / DemographicParity,in-processing,0.7263851044504995,0.7215847551680796,0.7565849227974568,0.43703703703703706,0.42631865144100056,-0.010718385596036495,0.010718385596036495,0.9754748804158487,0.0774913233460664,0.02421059469615583,-0.024210594696155774,0.13077205199597697,0.19495357892926343,0.12946522550712475,0.7401413917541504,thin wrapper around fairlearn.reductions
ExponentiatedGradientReduction / EqualizedOdds,in-processing,0.7193460490463215,0.7155767790762977,0.7490917347865577,0.47914230019493176,0.39097335508428493,-0.08816894511064682,0.08816894511064682,0.8159858875436866,0.0684169666530853,-0.07772375436615209,0.07772375436615214,0.05911017894001852,0.19498988849300278,0.05201466599251442,0.7918875217437744,thin wrapper around fairlearn.reductions
MetaFairClassifier (tau=0.0),in-processing,0.7595367847411444,0.7553782626427405,0.771117166212534,0.5680311890838207,0.24796084828711257,-0.3200703407967081,0.3200703407967081,0.4365268193935784,0.2411976140177423,-0.34429264587570396,0.34429264587570396,-0.1381025821597807,0.1708675666069308,0.17988672969354685,0.009544849395751953,tau=0 is the UNCONSTRAINED special case
"GerryFairClassifier (FP, gamma=0.01)",in-processing,0.44323342415985467,0.5,0.5161217075386013,1.0,1.0,0.0,0.0,1.0,0.0,0.0,0.0,0.0,0.05318742926069183,0.14018361110316124,4.29656457901001,DEGENERATE: collapses to a constant classifier on this data
baseline refit on 70% (post-processing reference),none,0.7554495912806539,0.7511854658625946,0.7770208900999092,0.5212475633528265,0.31212615551930395,-0.20912140783352257,0.20912140783352257,0.598805975248328,0.12401462026621396,-0.21260599943033898,0.21260599943033892,-0.03542324110208894,0.17394202035501483,0.06893779673036132,,the model the post-processors actually correct
EqOddsPostprocessing,post-processing,0.7104904632152589,0.6993713729842483,0.7275204359673024,0.40974658869395714,0.33713974986405654,-0.0726068388299006,0.0726068388299006,0.8228006264522407,0.03030224857647125,-0.023021302325116455,0.023021302325116566,0.037583194827826044,0.2330406534879835,0.06757677227326064,0.0063588619232177734,randomised label flipping to equalise odds
RejectOptionClassification (SPD),post-processing,0.7386466848319709,0.7462288229080309,0.7833787465940054,0.5516569200779727,0.5209352909189777,-0.030721629158995012,0.030721629158995012,0.9443102623372281,0.06787016246608979,0.01603296038856883,-0.0160329603885688,0.11970736454361075,0.1345319903576157,0.10946198194416623,11.449200868606567,flips only the decisions near the boundary
RejectOptionClassification (avg odds),post-processing,0.7406902815622162,0.7502055866071189,0.7881471389645777,0.6019493177387915,0.49048395867319194,-0.11146535906559951,0.11146535906559951,0.8148260064745708,0.046472195463999943,-0.06031411310270385,0.060314113102703876,0.03263027782529604,0.12520704175064348,0.02871825203756173,13.816797971725464,"same mechanism, different target metric"
CalibratedEqOdds (weighted),post-processing,0.7540871934604905,0.7487606303318803,0.771117166212534,0.5212475633528265,0.2903752039151713,-0.23087235943765522,0.23087235943765522,0.5570773358582007,0.15042291271927538,-0.2518551461880181,0.25185514618801813,-0.04899067925053269,0.17922368139632802,0.09068874833449397,0.010546684265136719,equalises the generalized WEIGHTED only
CalibratedEqOdds (fnr),post-processing,0.6153496821071753,0.6410917484555932,0.6519073569482289,0.9964912280701754,0.31212615551930395,-0.6843650725508714,0.6843650725508714,0.3132251912781747,0.6170093315739533,-0.43295739035274017,0.4329573903527401,-0.8010612727951665,0.11959788284486336,0.5441814614477102,0.013280391693115234,equalises the generalized FNR only
CalibratedEqOdds (fpr),post-processing,0.7354677565849228,0.7159520164201856,0.6961852861035422,0.5212475633528265,0.0,-0.5212475633528265,0.5212475633528265,0.0,0.5034051069888645,-0.7774524158125915,0.7774524158125915,-0.22935779816513763,0.25102627534547145,0.38106395224966527,0.015957355499267578,equalises the generalized FPR only
