predictor,accuracy_vs_observed,accuracy_vs_oracle_fair,DP_difference
0,0.44323342415985467,0.453905540417802,0.6163049457975189
1,0.44732061762034514,0.45844686648501365,0.6133501235415891
2,0.45163487738419617,0.46321525885558584,0.6076764323351428
3,0.4586739327883742,0.470708446866485,0.5960930966168366
4,0.4698001816530427,0.48274296094459584,0.5782821200181895
5,0.49318801089918257,0.5084014532243415,0.5403725009460392
6,0.5944595821980018,0.6210263396911898,0.3649529842369201
7,0.6882379654859219,0.7188919164396004,0.14516852217547677
8,0.7241144414168937,0.7565849227974568,0.00779027503505908
9,0.7434150772025432,0.7736148955495005,0.10837061840753781
10,0.7554495912806539,0.7783832879200726,0.20398131453338803
11,0.7518165304268847,0.7633969118982743,0.3035625133160979
12,0.7479564032697548,0.7522706630336058,0.37494951807650356
13,0.7297910990009082,0.7309264305177112,0.43752357148081367
14,0.7123069936421436,0.7075386012715713,0.485128263835227
15,0.6916439600363307,0.6864214350590372,0.5179893725613653
16,0.6716621253405994,0.6664396003633061,0.5489011635487123
17,0.6489554950045413,0.6441871026339692,0.5679631378609656
18,0.6407811080835604,0.6341961852861036,0.5829420388019169
19,0.6314713896457765,0.6253405994550408,0.5961255322464217
