method,stage,accuracy_vs_observed,balanced_accuracy,accuracy_vs_oracle_fair,selection_rate_Male,selection_rate_Female,DP_difference_signed,DP_difference,DP_ratio,equalized_odds_difference,equal_opportunity_difference,distance_to_fair_SPD,fit_seconds,notes
baseline (unaware logistic regression),none,0.7554495912806539,0.75102876875351,0.7783832879200726,0.5177387914230019,0.3137574768896139,-0.20398131453338803,0.20398131453338803,0.6060150061911594,0.2006556099121023,0.2006556099121023,0.06379770343022678,,no mitigation
CorrelationRemover (alpha=0.25),pre-processing,0.7509082652134423,0.746219212152007,0.7742960944595823,0.49707602339181284,0.33822729744426316,-0.15884872594754967,0.15884872594754967,0.6804337395643413,0.13919717767928075,0.13919717767928075,0.01866511484438843,0.038451433181762695,removes linear correlation with the sensitive column
CorrelationRemover (alpha=0.5),pre-processing,0.7479564032697548,0.7430982235979997,0.7731607629427792,0.47134502923976607,0.37139749864056554,-0.09994753059920053,0.09994753059920053,0.787952509522788,0.05701357692173148,0.05701357692173148,0.040236080503960714,0.046128034591674805,removes linear correlation with the sensitive column
CorrelationRemover (alpha=0.75),pre-processing,0.7425068119891008,0.7378386328992057,0.7731607629427792,0.44717348927875245,0.41054921152800433,-0.03662427775074811,0.03662427775074811,0.918098280356871,0.11266771258570757,0.0017589534227134829,0.10355933335241313,0.07468700408935547,removes linear correlation with the sensitive column
CorrelationRemover (alpha=1.0),pre-processing,0.7316076294277929,0.7265881983258898,0.7627157129881925,0.4245614035087719,0.4377379010331702,0.013176497524398256,0.013176497524398256,0.96989865969271,0.15474321178795578,0.056396444115751065,0.1533601086275595,0.07119393348693848,removes linear correlation with the sensitive column
"PrototypeRepresentationLearner (k=4, fw=1.0)",pre-processing,0.6846049046321526,0.6624923949669724,0.6771117166212534,0.3138401559454191,0.2490483958673192,-0.06479176007809989,0.06479176007809989,0.7935517209933836,0.03435206052398826,0.03435206052398826,0.07539185102506135,158.84423875808716,LFR (Zemel 2013) - same paper as AIF360's LFR
"PrototypeRepresentationLearner (k=8, fw=2.0)",pre-processing,0.6807447774750227,0.6606972728852993,0.6782470481380564,0.3157894736842105,0.2903752039151713,-0.02541426976903921,0.02541426976903921,0.9195214790647092,0.05076922974519202,0.03732529145158636,0.11476934133412203,235.48638892173767,LFR (Zemel 2013) - same paper as AIF360's LFR
ExponentiatedGradient / DemographicParity,in-processing,0.7263851044504995,0.7215847551680796,0.7565849227974568,0.43703703703703706,0.42631865144100056,-0.010718385596036495,0.010718385596036495,0.9754748804158487,0.13077205199597697,0.02421059469615583,0.12946522550712475,0.795828104019165,reduction to cost-sensitive classification; any estimator works
ExponentiatedGradient / EqualizedOdds,in-processing,0.7157129881925522,0.712209671596288,0.7431880108991825,0.47914230019493176,0.39749864056552475,-0.081643659629407,0.081643659629407,0.8296045671688942,0.06650542926958458,0.06650542926958458,0.05853995147375424,0.8882789611816406,reduction to cost-sensitive classification; any estimator works
ExponentiatedGradient / TruePositiveRateParity,in-processing,0.741371480472298,0.7370802188912363,0.7715712988192552,0.4666666666666667,0.3915171288743883,-0.0751495377922784,0.0751495377922784,0.8389652761594034,0.08147784766102639,0.05311089901508603,0.06503407331088285,0.8242735862731934,reduction to cost-sensitive classification; any estimator works
ExponentiatedGradient / ErrorRateParity,in-processing,0.7554495912806539,0.75102876875351,0.7783832879200726,0.5177387914230019,0.3137574768896139,-0.20398131453338803,0.20398131453338803,0.6060150061911594,0.2006556099121023,0.2006556099121023,0.06379770343022678,1.0554661750793457,reduction to cost-sensitive classification; any estimator works
GridSearch / DemographicParity (selected),in-processing,0.7241144414168937,0.7195456034551921,0.7565849227974568,0.43157894736842106,0.43936922240348014,0.00779027503505908,0.00779027503505908,0.9822694111516416,0.14854557568923824,0.04371898720261447,0.14797388613822032,0.6694602966308594,returns 20 deterministic models to choose from
ThresholdOptimizer / demographic_parity (accuracy_score),post-processing,0.7334241598546776,0.7345396364292782,0.772252497729337,0.47992202729044836,0.48776508972267535,0.007843062432226988,0.007843062432226988,0.983920410465033,0.1469999940093733,0.06292006256277516,0.14802667353538823,0.2751624584197998,uses the protected attribute AT PREDICTION TIME
ThresholdOptimizer / equalized_odds (accuracy_score),post-processing,0.7350136239782016,0.7438541304522237,0.7797456857402362,0.5949317738791423,0.48776508972267535,-0.10716668415646696,0.10716668415646696,0.8198672707330683,0.047621665109260025,0.047621665109260025,0.03301692694669428,0.2785170078277588,uses the protected attribute AT PREDICTION TIME
ThresholdOptimizer / true_positive_rate_parity (accuracy_score),post-processing,0.7431880108991825,0.7409575321584254,0.7770208900999092,0.4807017543859649,0.41435562805872755,-0.06634612632723735,0.06634612632723735,0.861980686107572,0.07350432356838998,0.013871746310944899,0.07383748477592389,0.22295689582824707,uses the protected attribute AT PREDICTION TIME
ThresholdOptimizer / false_positive_rate_parity (accuracy_score),post-processing,0.7506811989100818,0.7456496703928543,0.7740690281562216,0.4853801169590643,0.3474714518760196,-0.13790866508304472,0.13790866508304472,0.7158749189252934,0.10724868703121648,0.10724868703121648,0.0022749460201165195,0.2215285301208496,uses the protected attribute AT PREDICTION TIME
ThresholdOptimizer / demographic_parity (balanced_accuracy_score),post-processing,0.734786557674841,0.7363899158933491,0.7740690281562216,0.484990253411306,0.49048395867319194,0.005493705261885917,0.005493705261885917,0.9887994190946694,0.14689216272938274,0.05901238762936056,0.14567731636504716,0.3477175235748291,uses the protected attribute AT PREDICTION TIME
